-- Inserimento prodotti
INSERT INTO prodotti (id_prodotto, nome, categoria, prezzo, quantita_disponibile) VALUES
(1, 'Mouse wireless', 'Elettronica', 15.99, 120),
(2, 'Tastiera meccanica', 'Elettronica', 45.50, 85),
(3, 'Cuffie bluetooth', 'Audio', 29.90, 60),
(4, 'Zaino per laptop', 'Accessori', 39.00, 40),
(5, 'Webcam HD', 'Elettronica', 49.99, 30),
(6, 'Power Bank 10000mAh', 'Accessori', 22.75, 70),
(7, 'Hard Disk esterno 1TB', 'Storage', 55.90, 50),
(8, 'SSD 512GB', 'Storage', 69.90, 35),
(9, 'Monitor 24 pollici', 'Elettronica', 119.00, 25),
(10, 'Supporto laptop', 'Accessori', 18.50, 65),
(11, 'Adattatore USB-C', 'Accessori', 9.99, 80),
(12, 'Hub USB 4 porte', 'Accessori', 14.99, 60),
(13, 'Altoparlanti PC', 'Audio', 35.00, 20),
(14, 'Router WiFi', 'Rete', 59.90, 28),
(15, 'Stampante multifunzione', 'Elettronica', 89.00, 18),
(16, 'Cartucce stampante', 'Accessori', 24.90, 40),
(17, 'Tappetino mouse', 'Accessori', 5.50, 100),
(18, 'Chiavetta USB 64GB', 'Storage', 12.99, 90),
(19, 'Cavo HDMI', 'Accessori', 8.50, 75),
(20, 'Cavo Ethernet', 'Accessori', 6.99, 80),
(21, 'Microfono USB', 'Audio', 49.00, 22),
(22, 'Ventilatore USB', 'Accessori', 11.00, 45);
-- Inserimento clienti
INSERT INTO clienti (id_cliente, nome, email, città, data_registrazione, genere) VALUES
(1, 'Giulia Rossi', 'giulia.rossi@email.it', 'Roma', '2023-02-15', 'F'),
(2, 'Marco Bianchi', 'marco.bianchi@email.it', 'Milano', '2022-11-30', 'M'),
(3, 'Laura Verdi', 'laura.verdi@email.it', 'Firenze', '2023-07-12', 'F'),
(4, 'Luca Neri', 'luca.neri@email.it', 'Torino', '2024-01-09', 'M'),
(5, 'Sara Gallo', 'sara.gallo@email.it', 'Napoli', '2023-04-03', 'F'),
(6, 'Davide Moretti', 'davide.moretti@email.it', 'Bologna', '2022-09-20', 'M'),
(7, 'Francesca Conti', 'francesca.conti@email.it', 'Genova', '2024-03-01', 'F'),
(8, 'Alessandro Fontana', 'alessandro.fontana@email.it', 'Palermo', '2023-10-05', 'M'),
(9, 'Elisa Romano', 'elisa.romano@email.it', 'Catania', '2022-12-14', 'F'),
(10, 'Matteo Marchetti', 'matteo.marchetti@email.it', 'Bari', '2023-06-25', 'M'),
(11, 'Chiara De Luca', 'chiara.deluca@email.it', 'Verona', '2023-03-17', 'F'),
(12, 'Simone Greco', 'simone.greco@email.it', 'Padova', '2024-02-11', 'M'),
(13, 'Martina Costa', 'martina.costa@email.it', 'Trieste', '2022-08-19', 'F'),
(14, 'Fabio Leone', 'fabio.leone@email.it', 'Pescara', '2023-05-08', 'M'),
(15, 'Ilaria Giordano', 'ilaria.giordano@email.it', 'Perugia', '2023-09-29', 'F'),
(16, 'Stefano Ferri', 'stefano.ferri@email.it', 'Ancona', '2024-04-04', 'M'),
(17, 'Beatrice Serra', 'beatrice.serra@email.it', 'Reggio Calabria', '2022-10-22', 'F'),
(18, 'Nicola De Angelis', 'nicola.deangelis@email.it', 'Modena', '2023-01-10', 'M'),
(19, 'Elena Martino', 'elena.martino@email.it', 'Salerno', '2023-08-06', 'F'),
(20, 'Gabriele Longo', 'gabriele.longo@email.it', 'Taranto', '2022-07-15', 'M');
-- Inserimento ordini
INSERT INTO ordini (id_ordine, id_cliente, data_ordine, stato) VALUES
(1, 5, '2023-01-12', 'Consegnato'),
(2, 12, '2023-02-08', 'Consegnato'),
(3, 3, '2023-02-15', 'Spedito'),
(4, 7, '2023-03-01', 'In elaborazione'),
(5, 18, '2023-03-10', 'Consegnato'),
(6, 1, '2023-03-22', 'Consegnato'),
(7, 11, '2023-04-04', 'Spedito'),
(8, 9, '2023-04-18', 'Consegnato'),
(9, 2, '2023-04-25', 'Consegnato'),
(10, 6, '2023-05-03', 'Annullato'),
(11, 10, '2023-05-15', 'Consegnato'),
(12, 8, '2023-05-21', 'Spedito'),
(13, 13, '2023-06-05', 'Consegnato'),
(14, 4, '2023-06-19', 'Consegnato'),
(15, 20, '2023-07-02', 'Spedito'),
(16, 14, '2023-07-10', 'Consegnato'),
(17, 17, '2023-07-25', 'In elaborazione'),
(18, 16, '2023-08-01', 'Consegnato'),
(19, 15, '2023-08-13', 'Spedito'),
(20, 19, '2023-08-29', 'Consegnato'),
(21, 5, '2023-09-04', 'Annullato'),
(22, 12, '2023-09-18', 'Consegnato'),
(23, 1, '2023-09-26', 'Consegnato'),
(24, 3, '2023-10-05', 'Spedito'),
(25, 6, '2023-10-12', 'Consegnato'),
(26, 7, '2023-10-23', 'Spedito'),
(27, 11, '2023-11-02', 'Consegnato'),
(28, 9, '2023-11-15', 'In elaborazione'),
(29, 8, '2023-11-27', 'Consegnato'),
(30, 10, '2023-12-01', 'Consegnato'),
(31, 13, '2023-12-10', 'Spedito'),
(32, 2, '2023-12-18', 'Consegnato'),
(33, 14, '2024-01-05', 'Consegnato'),
(34, 4, '2024-01-12', 'Consegnato'),
(35, 15, '2024-01-26', 'Consegnato'),
(36, 18, '2024-02-04', 'In elaborazione'),
(37, 19, '2024-02-20', 'Spedito'),
(38, 16, '2024-03-01', 'Consegnato'),
(39, 17, '2024-03-10', 'Annullato'),
(40, 20, '2024-03-25', 'Consegnato');
-- Inserimento dettagli ordine      
INSERT INTO dettagli_ordine (id_dettaglio, id_ordine, id_prodotto, quantita, prezzo_unitario) VALUES
(1, 1, 3, 2, 25.99),
(2, 1, 7, 1, 19.99),
(3, 2, 5, 3, 8.50),
(4, 3, 1, 1, 15.00),
(5, 4, 2, 2, 12.00),
(6, 5, 9, 1, 49.99),
(7, 5, 12, 2, 29.99),
(8, 6, 14, 1, 99.00),
(9, 7, 4, 2, 22.90),
(10, 8, 6, 1, 11.99),
(11, 9, 8, 4, 16.90),
(12, 10, 17, 1, 199.00),
(13, 11, 3, 2, 25.99),
(14, 12, 10, 1, 9.50),
(15, 13, 15, 1, 39.90),
(16, 14, 2, 3, 12.00),
(17, 15, 11, 1, 15.50),
(18, 16, 13, 2, 79.00),
(19, 17, 7, 1, 19.99),
(20, 18, 6, 3, 11.99),
(21, 19, 8, 2, 16.90),
(22, 20, 1, 1, 15.00),
(23, 21, 4, 2, 22.90),
(24, 22, 5, 1, 8.50),
(25, 23, 9, 3, 49.99),
(26, 24, 12, 1, 29.99),
(27, 25, 14, 2, 99.00),
(28, 26, 2, 1, 12.00),
(29, 27, 10, 1, 9.50),
(30, 28, 17, 1, 199.00),
(31, 29, 3, 2, 25.99),
(32, 30, 11, 1, 15.50),
(33, 31, 13, 2, 79.00),
(34, 32, 7, 1, 19.99),
(35, 33, 6, 3, 11.99),
(36, 34, 8, -2 ,16.90), -- Quantità negativa per errore
(37 ,35 ,1 ,1 ,15.00 ),
(38 ,36 ,4 ,2 ,22.90 ),
(39 ,37 ,5 ,1 ,8.50 ),
(40 ,38 ,9 ,3 ,49.99 );
-- Nota: La quantità negativa nell'ultimo inserimento è un errore intenzionale per testare la gestione degli errori.


